"","user","type"
"1","Kollywood's pride, legendary actress Aachi Manorama is no more. Our deepest condolences to her family. RIP í ½í¸¢ http://t.co/bymT1QP7O2","movies"
"2","#Anushka is a boon to the film industry, #Rajamouli lauds #Rudhramadevi 

Read here http://t.co/Unuv37VL6n http://t.co/LsPfHIDxhP","movies"
"3","Official: @dhanushkraja - @Samanthaprabhu2 - @iamAmyJackson film has been titled #ThangaMagan.Here is the 1st look! http://t.co/OgBjpRY2mu","movies"
"4",".@iamAmyJackson happily upskills @dhanushkraja 

Read here http://t.co/RazfDaGeE8 #VIP2 http://t.co/exHqVaKEOP","movies"
"5","#Rudhramadevi - Snippet #2 |  #Anushka @ThenandalFilms @Anushka_ASF @alluarjun @RanaDaggubati @Gunasekhar1 http://t.co/yWJmsXt1AV","movies"
"6","#Nayanthara dubs for the first time in #NaanumRowdyDhaan 

Read here http://t.co/mPiLG3Wsmh @VigneshhShivan http://t.co/OtD1rYZFeB","movies"
"7","#Vishal rules out 'compromise' in Nadigar Sangam elections 

Read here http://t.co/jJnhBiRsDT http://t.co/QWtKniyfIi","movies"
"8","Watch #Anushka's exclusive chat on #Rudhramadevi at http://t.co/qdSdgI5T13

Releasing Oct 16th. @ThenandalFilms http://t.co/i8UVJhNqU2","movies"
"9",".@ash_r_dhanush announces short film competition for Children's Day 

Read here http://t.co/Si0K72Wdvl @aditi1231 http://t.co/Lwm0gBItTO","movies"
"10","#MNM Songs - A competent debut. A lively OST! 

Review at http://t.co/6MFLQXkSd3 @GitanjaliSelva @selvaraghavan http://t.co/aliZTLQ5LU","movies"
"11","#Rudhramadevi - Snippet #1 |  #Anushka @ThenandalFilms @Anushka_ASF @alluarjun @RanaDaggubati @Gunasekhar1 http://t.co/zndY98ylhH","movies"
"12","Dubbing underway for #Vedalam 

Read here http://t.co/LRmE8wjiHV #Thala #Ajith @shrutihaasan http://t.co/Tqm7GrzxIa","movies"
"13","First glimpses of #Vijay59 from October 17th 

Read here http://t.co/U5FkcKRL8Q #Vijay #GVPrakash @Atlee_dir http://t.co/m6uC81Pq5o","movies"
"14","Wishing one of the most celebrated directors in Indian Cinema, @ssrajamouli sir a very Happy Birthday. http://t.co/NyZ7v51snd","movies"
"15","Happy Birthday to our comedy king vaigai puyal @Actor_Vadivelu sir. Awaiting your next and wishing it to be a BB. http://t.co/9teRLMlIis","movies"
"16","#Rudramadevi (Tamil) - From October 16th! #5DaysToGo @alluarjun @ThenandalFilms http://t.co/ZqtAzmyDC0","movies"
"17","#MaalaiNerathuMayakkam - Reverberating music in stores! http://t.co/AkK09Yn6ug #MNM @GitanjaliSelva http://t.co/pfmDlqkcNC","movies"
"18","So how much RTs for this new massy poster of #VEDALAM. #Thala #Ajith http://t.co/JLlPSNInKS","movies"
"19","#PULI - Making Video https://t.co/Di4roj4os3 

#Vijay @ihansika @shrutihaasan @SrideviBKapoor @KicchaSudeep","movies"
"20","Our review on today's releases: 

#MasalaPadam - http://t.co/2rO0aSJRYr 

#Kathukutty - http://t.co/8L0J89RanB http://t.co/RQsT9AJGtA","movies"
"21","#Rudhramadevi (Tam) - Get ready to witness an epic drama from Oct 16th. #Anushka #6DaysToGo http://t.co/qdSdgI5T13 http://t.co/wRpRw0CSqn","movies"
"22","Watch #NaanumRowdyDhaan Teaser at http://t.co/WvgLtxgFQR #VijaySethupathi #Nayanthara @VigneshhShivan @RJ_Balaji http://t.co/ZRJlYLBVRs","movies"
"23","One more poster from #VEDALAM ft. the massy #Thala #Ajith http://t.co/jMoSDdkY96","movies"
"24","Here is one more poster from #Vedalam ft. #Thala #Ajith and @shrutihaasan http://t.co/YgioAl5K5A","movies"
"25","#Vedalam - New poster ft. #Thala #Ajith and #LakshmiMenon http://t.co/YiACXneOre","movies"
"26","#RajiniMurugan strives for October 21st release  

Read here http://t.co/W7XtPzocXv #Sivakarthikeyan #Lingusamy http://t.co/CQtYXZ6NDe","movies"
"27","Listen to the songs of @amritraw_singer's #MaalaiNaerathuMayakkam at http://t.co/AkK09Yn6ug @GitanjaliSelva http://t.co/HBMiFqbdgu","movies"
"28","Watch #PazhayaVannarapettai Official Trailer at http://t.co/D7ljMetuiN

Movie releasing this Diwali. @mohandreamer http://t.co/MQMHrwH86P","movies"
"29","#MasalaPadam - A novel plot but a prosaic execution! 

Movie Review at http://t.co/2rO0aSJRYr #Shiva #Simha http://t.co/ikY9tSvTnl","movies"
"30","#Kathukutti Movie Review: Adequately entertaining!

Read here http://t.co/8L0J89RanB #Kathukutty http://t.co/JLODoWCoB2","movies"
"31","#NithyaMenenâ€™s unforgettable experience with #Anushka in #Rudhramadevi

Read at http://t.co/6OaC1wxSlf http://t.co/fvObom54n3","movies"
"32",".@Samanthaprabhu2 wraps up #VIP2 finally 

Read here http://t.co/Mtnkt5H53h http://t.co/PnpskKw29l","movies"
"33","#Ko2 reportedly an official remake of #Pratinidhi

Read here http://t.co/tndqTLV3ZG http://t.co/UUk2jmBJyz","movies"
"34","#RKSuresh signs as villain for @VishalKOfficial's #Marudhu

Read here http://t.co/MQ2bou6lFC http://t.co/9S2jCGgUgL","movies"
"35","#MaalaiNaerathuMayakkam - Mesmerizing music from Today! #MNM http://t.co/q8EgfF97l7","movies"
"36","#TrishaIllanaNayanthara - Youthful 25th Day! #TIN http://t.co/FDLFE40dho","movies"
"37","#PULI - ""Other heroes should follow #Vijay Sir,"" lauds Samuthirakani 

Read here http://t.co/dwtAsZ29RR http://t.co/znegB4eVLh","movies"
"38","Listen to #Saahasam Songs in Spotify! https://t.co/fm7xP2kA0c 

@MusicThaman @actorprashanth @SaahasamMovie http://t.co/0uTC8NQ2bG","movies"
"39","#Baahubali secures release in Southeast Asian countries 

Read here http://t.co/At8WDp85Vp @BaahubaliMovie http://t.co/FC4PKXLxbd","movies"
"40","Single track ""Adiyae Azhagae"" from #OruNaalKoothu is out.  https://t.co/Twq2xgoVdV | Music by @justintheheaven, Sung by @RSeanRoldan","movies"
"41","#ARRahman appointed as Cultural Ambassador for Seychelles 

Read here http://t.co/iZBQ0bjKJb http://t.co/5U9e4BiZ7c","movies"
"42","A clean U certificate for #10Endrathukulla

Read here http://t.co/zWBAkcG0jB #Vikram @Samanthaprabhu2 @vijaymilton http://t.co/3EtEt5Rr5s","movies"
"43","Count 1M+ for #VedalamTeaser in less than 17 hours of its upload! Congrats #Ajith, #Siva, @anirudhofficial &amp; team. http://t.co/keUasYsenS","movies"
"44","Check out #Anushka's exclusive chat on #Rudhramadevi (Question 4 &amp; 5) Video https://t.co/wSOuMwiazF @ThenandalFilms","movies"
"45","#MaalaiNerathuMayakkam - Mesmerizing music from Tomorrow. Meanwhile, listen to single track http://t.co/AkK09Yn6ug http://t.co/PrETNQQdlJ","movies"
"46","#Rudhramadevi (Tam) - Just a week away for another historic backdrop film release! #Anushka http://t.co/lxYx1zoqjK http://t.co/XGEH1Bkm8z","movies"
"47","Check out #Thozha Movie Stills at http://t.co/VJu1wxDaZZ @iamnagarjuna #Karthi @tamannaahspeaks @PVPCinema http://t.co/crhkG7lQk0","movies"
"48","#Nani signs #ManiRatnam's next 

Read here http://t.co/L8g60lVqqM #Karthi @NameisNani @MadrasTalkies_ http://t.co/J6aZFAmCqF","movies"
"49","#Shankar to shoot #Endhiran2 in 3D? 

Read here http://t.co/4rmLAPjBHP #Rajinikanth #Enthiran2 http://t.co/Bo93fV6Ykd","movies"
"50","#PULI - @Samanthaprabhu2 and @tamannaahspeaks heap praise on #Vijay 

Read here http://t.co/j3L8Lyxnv3 @actorvijay http://t.co/3JqLWsYmUS","movies"
"51","#Vedalam teaser becomes the fastest to reach 50K likes 

Read here http://t.co/EtfnWhshPp #Thala #Ajith http://t.co/d6LAZNcJRl","movies"
"52","#Pasanga2 - Audio &amp; Trailer from October 17th. @Suriya_offl @StudioGreen2 @pandiraj3 #Haiku http://t.co/1d3avUumY6","movies"
"53","#Therikkaudlaamaa! RT if you like the #TheTheriTheme teaser of #Vedalam http://t.co/qDZ1RA5PeA #Thala #Ajith http://t.co/GL24ehWGHk","movies"
"54","Here it is! Watch the storming &amp; classy teaser of #Thala #Ajith's #Vedalam at http://t.co/qDZ1RA5PeA #Vedhalam http://t.co/xXLEac0oPE","movies"
"55","Just an hour left for #VedalamTeaser. So #Thala fans, are you ready to set the record? #VedalamTeaserStromOntheWay http://t.co/wVuzsADiSr","movies"
"56","#ThoongaaVanam is an authentic bi-lingual, says #KamalHaasan 

Read here http://t.co/aRan3wTtHg @RajeshMSelva http://t.co/c0RDChS0Q6","movies"
"57","Get ready for #Vedalam teaser with #TheriTheme 

Read here http://t.co/Q7ml5FDdgD #5HoursToGo #Ajith @shrutihaasan http://t.co/0vu4DxatwP","movies"
"58","#Pasanga2 - Audio from Oct 17th. Music by Pisaasu fame Arrol Corelli. Best wishes #Suriya @StudioGreen2 @pandiraj3 http://t.co/bAzbRWaNfr","movies"
"59","#MasalaPadam is a family entertainer, says @lakshmidevy18 

Read here http://t.co/ijYLEuYTh8 @DoneChannel1 http://t.co/07pelA8deE","movies"
"60","Check out #Anushka's exclusive chat on #Rudhramadevi (Question 2) Video 
https://t.co/fk7NaZ3dtP @ThenandalFilms 
Movie releasing Oct 16th.","movies"
"61","""Please don't spread hatred between me and Simbu,"" requests @pandiraj3 

Read here http://t.co/0NzVEruUOP http://t.co/TmQP2tfras","movies"
"62",".@vishakhasingh55 Singh plays a ghost in #BayamOruPayanam 

Read here http://t.co/U9coicRpvH http://t.co/txkCF0wAyM","movies"
"63","Here is the track list of #MaalaiNerathuMayakkam. Amrit's mesmerizing songs from Oct 9th. @GitanjaliSelva http://t.co/de0J37TTI1","movies"
"64","Watch #Rudhramadevi (Tamil) Official Trailer at http://t.co/lxYx1zoqjK 

Movie releasing in 3D &amp; 2D from Oct 16th. http://t.co/zkVcjNUOKg","movies"
"65","Official: #Vedalam Teaser will be out today midnight! #Thala #Ajith http://t.co/I0CPE2y0Kz","movies"
"66","Complete gallery of #Thoongavanam Audio Launch at http://t.co/RlG4x8txEk #KamalHaasan @trishtrashers @shrutihaasan http://t.co/CbKUUL9D0O","movies"
"67","""My dream is to win Best Actor award from #Kamal sir"", says @dhanushkraja 

Read here http://t.co/TtHVFwYwZb http://t.co/uEubdTndkF","movies"
"68","Watch ""Neeye Unaku Raja"" Song Making video https://t.co/jm0k4M5LTE 

#KamalHaasam @trishtrashers @GhibranOfficial @prakashraaj","movies"
"69","Watch #Thoongaavanam new trailer at http://t.co/NC5SkAwjLF #KamalHaasan @trishtrashers @Madan2791 http://t.co/lRi3tG6fmY","movies"
"70","""I'll never say 'no' to @VetriMaaran, #Vijay and @Atlee_dir "" says @gvprakash  

Read here http://t.co/bvprpAtLIy http://t.co/ze0Zu6NhYp","movies"
"71","#ThoongaVanam to open as #KamalHaasan's biggest film in the US! 

http://t.co/I4imP0X8HQ @ATMUSent @RKFI_Official http://t.co/e0xMG2wiDP","movies"
"72","#MaalaiNerathuMayakkam - Mesmerizing music from October 9th. @GitanjaliSelva http://t.co/rNoEAFVVFT","movies"
"73","#10Endrathukulla Songs - Occasionally Satisfactory!

Review @ http://t.co/TefwAJjAWE #Imman #Vikram #Samantha #10EK http://t.co/86JARbr1VH","movies"
"74","""Don't distress me by spreading false reports,"" #Vijay appeals to the media 

Read here http://t.co/h0CSIM2iWq http://t.co/XF64KYYV3x","movies"
"75","Check out #Anushka's exclusive chat on #Rudhramadevi (Question 1) Video https://t.co/gnB9o7ZD7C @ThenandalFilms","movies"
"76","""I am open to doing glamour roles,"" says Aishwarya Rajesh 

Read here http://t.co/5lIK7Qgxmc @aishu_dil http://t.co/TTBgVvlYVk","movies"
"77","Get ready for another comedy-scary moments with #PeigalJaakirathai.
Watch its Trailer at http://t.co/PJuquD5aAQ http://t.co/YXLuJI2Vwa","movies"
"78","#Saahasam - Trailer coming soon! @actorprashanth https://t.co/2tx7H0NCny http://t.co/Kbk4fuAZ9t","movies"
"79","#ManiRatnam showered you with superlatives, #Mysskin's heartfelt letter to @VetriMaaran 

http://t.co/h1ZCYnoyXf http://t.co/ACxgvEIFOO","movies"
"80","Check out #10Endrathukulla Movie Working Stills at http://t.co/Lrz14mXGZs #Vikram @Samanthaprabhu2 @vijaymilton http://t.co/EJHST4o8XJ","movies"
"81","#Vijay's yet another great-hearted gesture 

Read here http://t.co/d1GRXjLezf http://t.co/dHYZOXNzQT","movies"
"82","#Puli gets second biggest opening after #I  

Read here http://t.co/oEVhcJIawM #Vijay #Vikram #Shankar http://t.co/WhoIA7QRns","movies"
"83","#Dhanush wraps up his next 

Read here http://t.co/kkUXKtQZ1O #PrabhuSolomon #KeerthySuresh @dhanushkraja http://t.co/64Yw3qBfNz","movies"
"84","Happy Birthday @Sibi_Sathyaraj. Let this be an another successful year to you at BO. Keep rocking! http://t.co/HlVJ2oihFr","movies"
"85","#Thoongavanam - Song &amp; New trailer launch at Sathyam Cinemas on Oct 7th, 9AM. #KamalHaasan @trishtrashers http://t.co/Kl5UXUeztk","movies"
"86","#Simran signs women-centric film 

Read here http://t.co/Kp68T8jPyj http://t.co/HyxiFTZGNe","movies"
"87","Listen to #KannaanaKanne from #NaanumRowdyDhaan at http://t.co/C1nn7QUB7X #NRD5thsingle @anirudhofficial #NRD http://t.co/vlyO0Jujl2","movies"
"88","Watch #PeigalJaakirathai Official Trailer at http://t.co/PJuquD5aAQ 

Movie releasing soon!! http://t.co/giVYu4WodL","movies"
"89","""I don't believe in following trends,"" says @shrutihaasan

Read here http://t.co/HejwP3vU0h #Puli #Vedalam #Singam3 http://t.co/3KYuiaVYGR","movies"
"90","Coming Soon: #Anushka's exclusive chat video on her upcoming biggie release, #Rudhramadevi. Watch the promo here https://t.co/XMXZaNmAbV","movies"
"91","Japan rights for #Baahubali secured 

Read here http://t.co/urgJLVGvE6 @ssrajamouli @BaahubaliMovie http://t.co/mwcWDInAKj","movies"
"92","#PeigalJaakirathai - Trailer releasing Today evening. Get ready for scary moments! http://t.co/sRqAHBo2cY","movies"
"93","Kalaignar Karunanidhi and #KamalHaasan come together for @vairamuthu 

Read here http://t.co/bHlsN6bclG http://t.co/2wW0SGX17B","movies"
"94","Watch @TenEntertain's Director of the Month (Oct) @selvaraghavan's interivew (Part 1) https://t.co/z53xbXurt3 @ash_r_dhanush @aditi1231","movies"
"95","#Shamlee denies rumors  

Read here http://t.co/AbHMz0hjuX @ShamleeOfficial http://t.co/BZOXlsyhxR","movies"
"96","#Vijay's effort in #Puli definitely deserves praise, lauds #Rajinikanth 

Read here http://t.co/gYizsZ58Vp http://t.co/ZTD2jOXZ2x","movies"
"97","#VIP2 first look and title expected on #Anirudh's 25th birthday 

Read here http://t.co/NIW8qDcldQ #Dhanush #DnA http://t.co/cbcL7XAXdA","movies"
"98","#Pasanga2 is a story about three families 

Read here http://t.co/t1tVfNd5d3 #Suriya @pandiraj3 http://t.co/kfH5u5qiVv","movies"
"99","#Vedalam teaser from Thursday 

Read here http://t.co/qBzx7soH4m #Thala #Ajith #Anirudh http://t.co/fd0KmUZQgR","movies"
"100","#10Endrathukulla - Audio from Tomorrow. #Vikram #Samantha @vijaymilton http://t.co/OfWUQ5nxvY","movies"
"101","#Rudhramadevi (Tamil) - Releasing on Oct 16th in 3D &amp; 2D. #Anushka @ThenandalFilms http://t.co/RM8ZEpHAxr","movies"
"102","#Saahasam - Trailer coming soon! @actorprashanth http://t.co/Ir1jr1gAUM","movies"
"103","Here is the audio launch pic of #PeigalJaakirathai. http://t.co/L5TEXBs0dv","movies"
"104","#Kabali has a social message,"" reveals Pa Ranjith 

Read here http://t.co/IofRMFer5K #Rajinikanth @beemji http://t.co/UeAbqe9joM","movies"
"105","Audio launch of #PeigalJaakirathai is being telecast now in Isai aruvi. Watch and enjoy. http://t.co/MPE2pwKfmS","movies"
"106","When #KamalHaasan performed an extra-ordinary stunt in #Vishwaroopam2

Read at http://t.co/g6VYxPMZK5 @1eewhittaker http://t.co/thceGQ1Hka","movies"
"107","#10Enradhukulla is about a journey, says @vijaymilton 

Read here http://t.co/AdIOGMfJ4i #Vikram @Samanthaprabhu2 http://t.co/wxrHMdoftT","movies"
"108","ADMK members banned to contest Nadigar Sangam elections 

Read here http://t.co/4smQY7dlIr http://t.co/zyUN5w5cpq","movies"
"109","#Saahasam's stunning trailer will be releasing soon. Meanwhile, watch its motion poster https://t.co/2tx7H0NCny @actorprashanth","movies"
"110","""Prabhudheva is a brilliant director,"" says @iamAmyJackson  

Read here http://t.co/soCHWWAuYk @PDdancing http://t.co/LcVieOrJrL","movies"
"111","#Anushka on being called 'The Lady Superstar' 

Read here http://t.co/UUEq3wy0Q6 http://t.co/h65Gh1a1Ay","movies"
"112","""I regret missing #Kabali,"" says @prakashraaj  

Read here http://t.co/KgDc98H4wG #Rajinikanth @beemji http://t.co/eZMm0lnb4R","movies"
"113","#Pasanga2 audio launch on October 17th 

Read here http://t.co/kOv4VIhcYX #Suriya @Amala_ams @pandiraj3 http://t.co/I1EUBFxzSN","movies"
"114","#10Endrathukulla audio set for launch 

Read here http://t.co/QLUMU2I4Q8 #Vikram @Samanthaprabhu2 @vijaymilton http://t.co/BqqiZk9Sww","movies"
"115","#Saahasam - Trailer coming soon! @actorprashanth http://t.co/MkaauS7QC9","movies"
"116","#KuttramKadithal - Successful 10th Day! http://t.co/wc7LlscsH3","movies"
"117","Here we go! #Mellisai Song Teaser 1. Audio from Oct 14th. #Oct14MellisaiAudio #VijaySethupathi 
https://t.co/fZZpV50DL5","movies"
"118","#Kabali team gears up for month-long Malayasia schedule  

Read here http://t.co/C14atxDOBa #Rajinikanth @beemji http://t.co/khu5BaznjJ","movies"
"119","#Sivakarthikeyan to romance #KeerthySuresh again 

Read here http://t.co/D20fcsN90C http://t.co/YoPgMfr4Fu","movies"
"120","AM Ratnam to produce #Vijay's next? 

Read here http://t.co/A6p52MIHV4 http://t.co/SzLBV3Mr3t","movies"
"121","Wishing the one &amp; only, multi talented, Vijaya T Rajendar sir a very happy birthday! #TR http://t.co/ptPigMUPo9","movies"
"122","Thambi Ramaiah's interesting role in #Vedalam 

Read here http://t.co/9FDt8tUwsu #Ajith http://t.co/B10sQ3tDeJ","movies"
"123","#Vishal bats for professional staff in Nadigar Sangam 

Read here http://t.co/K7u4mROaDO http://t.co/ozIUm9o8dG","movies"
"124","Chiranjeevi's 150th film to be the remake of #Vijay's #Kaththi 

Read here http://t.co/jGWLpoGdUO http://t.co/vmTpl0fo2z","movies"
"125","#KamalHaasan donates Rs.16 crores to PTP? 

Read here http://t.co/ZNm9GUzLTY http://t.co/uhHhkHVmJz","movies"
"126","#Vedalam: #ShrutiHaasan records her third song for #Anirudh 

Read here http://t.co/y9OJUp4isT http://t.co/eSJi7rNTfi","movies"
"127","#Rajinikanth to join #ARRahman, #AishwaryaRai 

Read here http://t.co/8UmUeAp6HU http://t.co/q7lKKiJdFo","movies"
"128","Happy Birthday to one of the versatile actor in Indian cinema Sathyaraj. Have an yet another successful year sir. http://t.co/5qSbYxfiQ5","movies"
"129","#Saahasam - Trailer coming soon! @actorprashanth http://t.co/Zj87X3dvqv","movies"
"130","#KuttramKadithal - Successful 2nd week http://t.co/VbARcy4liT","movies"
"131","Listen to #YennaiMaatrumKadhale from #NaanumRowdyDhaan here http://t.co/C1nn7QUB7X @anirudhofficial http://t.co/0DBLEOm8B7","movies"
"132","Director Siva in talks with #Sivakarthikeyan? 

Read here http://t.co/QaLMkIWXwQ http://t.co/3dAvrDDvWF","movies"
"133","""I don't mind playing really small roles,"" says Bobby Simha 

Read here http://t.co/RyJZqviQxe @ActorSimhaa http://t.co/gxjqhj86x6","movies"
"134","#ShrutiHaasan denies reports on pairing up with #Sivakarthikeyan 

Read here http://t.co/UsHAg2Wy5o http://t.co/HDLqiUVIH4","movies"
"135","#GauthamMenon opens up about #AYM 

Read here http://t.co/5BVrYceyRO #STR #Simbu #ARRahman @mohan_manjima http://t.co/rxxGKede63","movies"
"136",".@rparthiepan wins Chennai Award for his contribution to Cooum River 

Read here http://t.co/SmsG8BPMMx http://t.co/xsjOX0eREq","movies"
"137","Lingusamy to make Bollywood debut? 

Read here http://t.co/n1fGblWRr5 @dirlingusamy http://t.co/iaUl37aDoj","movies"
"138","#KamalHaasan gives his support to Nasser's candidature 

Read here http://t.co/Y2OfktNyTq #Vishal http://t.co/r1D6tcumPc","movies"
"139","Income Tax raid claims tax evasion from #Vijay 

Read here http://t.co/oVaN5Htj79 http://t.co/bS6ELSlB0T","movies"
"140",".@VigneshhShivan on #Nayanthara's role in #NaanumRowdyDhaan 

Read here http://t.co/haIhg5F1ly #NRD http://t.co/VwPputqeyc","movies"
"141","Brand new stills from #NaanumRowdyDhaan at http://t.co/g01rKwGm3S #Vijaysethupathi #Nayanthara @RJ_Balaji http://t.co/nwJzxRu0cD","movies"
"142","Watch @TenEntertain's release for this week ""Varum Aana Varadhu"" short film at https://t.co/lfSpoevQBS 

@ash_r_dhanush @aditi1231","movies"
"143","#Saahasam - Trailer coming soon! @actorprashanth http://t.co/HlvdUZaOwq","movies"
"144","#KuttramKadithal - Blockbuster Hit! http://t.co/fkxqG4nDK3","movies"
"145","#Puli: An underutilized opportunity by Chimbudevan!

Movie review at http://t.co/ZTq6XAhFCj http://t.co/z8yOAE943m","movies"
"146","Our songs review of #KO2. 
A commendable effort from @leon_james.

http://t.co/jdIb8Jh6zJ @ActorSimhaa @nikkigalrani http://t.co/i3X0WIDN19","movies"
"147",".@menongautham opens up about #AYM 

Read here http://t.co/5BVrYceyRO #STR #Simbu http://t.co/oe5dZ8CEn2","movies"
"148","First look poster of #PeigalJaakirathai.. Audio coming soon! http://t.co/Rw5Y7fH59D","movies"
"149","#Puli Movie Review:A hugely wasted opportunity!

Read here http://t.co/ZTq6XAzh0T http://t.co/lScdRIZ46s","movies"
"150","Half way through #Puli. Gradually paced. Flawlessly produced &amp; staged visual effects. Story yet to pick steam. Second half will be the key.","movies"
"151","Showtime: #IlayathalapathyVijay's #Puli http://t.co/BZqrxgzKCq","movies"
"152","Wishing #PULI team for a historical success! Our show starts in few mins. Thrilled :) #Vijay @ihansika http://t.co/xiLUwrdJc6","movies"
"153","#PULI - Storm begins! All issues sorted out.. RT if you are excited and gonna watch today.. #Vijay @ihansika http://t.co/HARaflfSWl","movies"
"154","#KO2 Songs - Commendable, compelling effort.

Review at http://t.co/jdIb8Jh6zJ @leon_james @elredkumar @madhankarky http://t.co/SOLSsW4hLt","movies"
"155","#PULI update - #Vijay arrives at Gemini Labs to speed up release! 

Read here http://t.co/7DzRaqhBHB @ihansika http://t.co/Ej9HmVQBPP","movies"
"156","ROAR to begin in big screens from Today. Shows to commence from 10AM hopefully. Announcement very soon! #PULI #Vijay http://t.co/Sbaa93nxhT","movies"
"157","With premieres &amp; special shows are just few hours away, read our preview of #PULI, ICYMI http://t.co/enV0UtRt35 http://t.co/680157M3ZG","movies"
"158","Listen to 3rd Single #NaanumRowdyDhaan from #NaanumRowdyDhaan at http://t.co/C1nn7Rccwx | Music by Anirudh http://t.co/gOCtve1g6N","movies"
"159","#PULI - From Tomorrow Worldwide! #Vijay @SrideviBKapoor @SKTStudios #PuliStorm http://t.co/s67zeVJzCS","movies"
"160","#PokkiriRaja progresses swiftly 

Read here http://t.co/WhsxXAdamQ @Actorjiiva @ihansika http://t.co/EkC6JzLe9D","movies"
"161","Listen to #Sarakka Song from #MaalaiNerathuMayakkam at http://t.co/AkK09YEHSQ | Music by Amrit | @GitanjaliSelva http://t.co/RAedXJW4ZZ","movies"
"162","Watch high-octane trailer of #10Endrathukulla at http://t.co/IP3oDgikSp #Vikram #Samantha @vijaymilton http://t.co/SwimIJFKRT","movies"
"163","#PULI - From Tomorrow Worldwide! @chimbu_deven @SKTStudios #Vijay #PuliStorm http://t.co/ZmPMDiBilm","movies"
"164","#Suriya - #Samantha's 24 wrapped up 

Read here http://t.co/AL8yOkpozp @Suriya_offl @Samanthaprabhu2 http://t.co/1WCw0x3w7L","movies"
"165","#Vedalam teaser from tonight? 

Read here http://t.co/9s2XY8tTRC #Ajith http://t.co/ef9gqiHI18","movies"
"166","#PULI - From Tomorrow Worldwide! @ihansika @SKTStudios #Vijay #PuliStorm http://t.co/DVn3Cmz9TO","movies"
"167","IT raids in #Vijay, #Nayanthara and #Samantha's houses 

Read here http://t.co/kHQnqmyYIq http://t.co/EDBw3HwjGy","movies"
"168",".@shrutihaasan on #Puli and working with @SrideviBKapoor 

Read here http://t.co/BhJaGq1pFY http://t.co/8EZ5MgTaHf","movies"
"169","#PULI - From Tomorrow Worldwide! #IlayaThalapathy #Vijay http://t.co/9ikImoM4BP","movies"
"170","#KuttramKadithal - Block Buster Hit! http://t.co/C5ZNDL8V8X","movies"
"171",".@karthiksubbaraj wraps up #Iraivi 

Read here http://t.co/E89XbdZZ8I @ActorSimhaa @yoursanjali http://t.co/yqzmZ975OD","movies"
"172",".@VishalKOfficial spills the beans on #Kathakali 

Read here http://t.co/eV4R79XmlC @pandiraj3 @CatherineTresa1 http://t.co/bi5i0LCXFZ","movies"
"173","The single track from #MaalaiNerathuMayakkam will be launced tomorrow at Loyola College's Ovations' 15 at 4 PM! http://t.co/cWy9vLdYZm","movies"
"174","#PULI - #2DaysToGo | @SKTStudios @actorvijay @ihansika @KicchaSudeep @am_ur_uv @chimbu_deven @Jagadishbliss http://t.co/BazXtgfavB","movies"
"175","#Aranmanai2 is a brand new script, says @ihansika 

Read here http://t.co/CewIQ9Rkb3 @khushsundar http://t.co/F1PSems2po","movies"
"176",".@jayam_mohanraja to make Bollywood debut with #ThaniOruvan remake

Read at http://t.co/ENWpgkjaLz @actor_jayamravi http://t.co/UYUIaYEtgr","movies"
"177","#PULI - #2DaysToGo | @SKTStudios @actorvijay @ihansika @SrideviBKapoor @am_ur_uv @chimbu_deven @Jagadishbliss http://t.co/H9VXE2WZ2S","movies"
"178","#Gethu slated for Dec 18th release! 

Read here http://t.co/vl3ldzJCc6 @Udhaystalin @iamAmyJackson http://t.co/Uj6aIsg8M9","movies"
"179","#KuttramKadithal - A rare gem in Tamil Cinema. Now running successfully in cinemas near you.. http://t.co/H1EVAnvyVV","movies"
"180","#Pugazh lines up for October release

Read at http://t.co/O1gnYfTIr7 @Actor_Jai @RJ_Balaji @Sush3003 @Surbhiactress http://t.co/eZxmLYmN7k","movies"
"181","#PULI - #2DaysToGo | @SKTStudios @actorvijay @ihansika @ThisIsDSP @am_ur_uv @chimbu_deven @Jagadishbliss http://t.co/VuVwlMGn7q","movies"
"182","#ShrutiHaasan reportedly sings in #Vedalam 

Read here http://t.co/UPRv4PQbtW #Ajith http://t.co/wxpDO6Afho","movies"
"183","#Vijay watches #Puli in Tagore Film Centre 

Read here http://t.co/kIzS7JREnq @SKTStudios http://t.co/p1jSSnxR15","movies"
"184","#PULI - Reservation in full swing! #2DaysToGo #IlayaThalapathy #Vijay http://t.co/6rjs0xx1EG","movies"
"185","#KuttramKadithal - Now running successfully in cinemas near you.. http://t.co/HUC4efwHRa","movies"
"186","#PULI - #3DaysToGo | @SKTStudios @actorvijay @ihansika @ThisIsDSP @am_ur_uv @chimbu_deven @Jagadishbliss http://t.co/pMAeqZYgwJ","movies"
"187","#KuttramKadithal - A rare gem in Tamil Cinema! Now running successfully in cinemas near you. http://t.co/5FgEBKxk4i","movies"
"188","Listen to #NeeyumNaanum from #NaanumRowdyDhaan at http://t.co/C1nn7QUB7X | Music @anirudhofficial http://t.co/iOuSQV6Wos","movies"
"189","Check out actress @Nanditasweta's brand new photos-hoot clicks at http://t.co/wEiUBlTF1g http://t.co/hZNKDWIqFB","movies"
"190","Check out the preview of #Vijay's fantasy adventure #Puli by @sidhuwrites here http://t.co/enV0UtRt35 http://t.co/OKfsI7H5BR","movies"
"191","Bobby Simha launches #AssaultProductions  

Read here http://t.co/jA0joi3nTA @ActorSimhaa http://t.co/49obQyi10Z","movies"
"192","#PULI - #3DaysToGo | @SKTStudios @actorvijay @ihansika @SrideviBKapoor @am_ur_uv @chimbu_deven @Jagadishbliss http://t.co/xPC5w7mpjU","movies"
"193","#ARRahman in talks for #EnnuNinteMoideen Tamil remake 

Read here http://t.co/KZYR2JC5Fc http://t.co/iNHv8WDqQL","movies"
"194","#Rajinikanth to launch #Nagarjuna's son in Kollywood? 

Read here http://t.co/fVTpUzo0Fo #AkhilAkkineni http://t.co/Pi5P2l7FpA","movies"
"195","Thanks note from @JSKfilmcorp for #KuttramKadithal's tremendous response all over! @Sathish_Klcc @NaanChristy http://t.co/DgOkrYc2Wb","movies"
"196","#PULI - #3DaysToGo | @SKTStudios @actorvijay @ihansika @shrutihaasan @am_ur_uv @chimbu_deven @Jagadishbliss http://t.co/43nTkoYitQ","movies"
"197","#VilAmbu Songs - Short &amp; Sweet! 

Review at http://t.co/uEyu8Lzl2K @composer_navin @dir_susee @OrangeMusicIn http://t.co/kxjvJJQlPv","movies"
"198","Watch #Thoongavanam behind the scenes/working video at http://t.co/djP1fk8J9A #KamalHaasan @trishtrashers http://t.co/44j0fiZQJH","movies"
"199","#Vijay59 first look and title on Diwali

Read here http://t.co/MRwl7InTjo #Vijay http://t.co/Q2xfeM2H66","movies"
"200","Here is our comprehensive preview of #Puli http://t.co/enV0Uu94rF @ihansika @shrutihaasan #Vijay http://t.co/heEyxxS8CR","movies"
"201","#PULI - Reservation in full swing! #3DaysToGo #Vijay @SKTStudios http://t.co/qiJrNdETRb","movies"
"202","Stunning trailer of #10Endrathukulla to be released on Sep 30th. Get ready for an action-fun-romantic-thriller ride! http://t.co/3WNXscbNcU","movies"
"203","#NaanumRowdyDhaan - 2nd sngle #NeeyumNaanum from 7PM Today. #VijaySethupathi #Nayanthara #Anirudh @VigneshhShivan http://t.co/UeyWuDNMqZ","movies"
"204","#KuttramKadithal - Amazing response! http://t.co/LNR76TkYcz","movies"
"205","#PaayumPuli - Successful 25th day. Congrats @VishalKOfficial @dir_susee @VENDHAR_MOVIES @Madan2791 http://t.co/KSdVg6JnjW","movies"
"206",".@SrideviBKapoor helped me tackle a lot of difficult scenes, says @ihansika 

Read here http://t.co/R1pfqeJUqN #PULI http://t.co/GNxdJlpvZ9","movies"
"207","#Vedalam teaser on October 1st? 

Read here http://t.co/yG2eREI0mI #Thala #Ajith http://t.co/Ya4aCUD9Wr","movies"
"208","#KuttramKadithal - Amazing response all over! @JSKfilmcorp @Sathish_Klcc @NaanChristy @bramma23 @Pavelnavagethan http://t.co/TITYxTgnmm","movies"
"209","Kishore on working in #Thoongavanam and #Kabali 

Read here http://t.co/nasnBxK4ZN http://t.co/quypeJ76Kr","movies"
"210","8.5+ Million Views in total for #PULI Trailers! (6.5M+ for Trailer 1 &amp; 2M+ for Trailer 2) http://t.co/nWo9yjAUXq http://t.co/XslLQ6A9rc","movies"
"211","#KuttramKadithal - Now running in cinemas with tremendous response! https://t.co/9ng0IN0jHB","movies"
"212","Arun Kumar reveals the premise of #Sethupathi 

Read here http://t.co/JsZEi8kIn3 #VijaySethupathi http://t.co/fY4uUZrcdP","movies"
"213","Escape Artists in negotiations to bag #ThoongaVanam rights 

Read here http://t.co/6IM5f0OXp7 #KamalHaasan http://t.co/2YP6Dfetlr","movies"
"214","#KuttramKadithal - Amazing response all over! @JSKfilmcorp @Sathish_Klcc @NaanChristy @bramma23 @Pavelnavagethan http://t.co/c0QTYRFbHW","movies"
"215","Happy Birthday @dhayaalagiri sir. Wishing you for much more success in all your endevours!","movies"
"216","Madras fame Ritwika's emotional moment with #Rajinikanth 

Read here http://t.co/3HA5FG5lbv #Kabali http://t.co/yfvWZE9hv8","movies"
"217","""Cho Ramaswamy's condition is improving,"" says family members 

Read here http://t.co/RZs3RTt2p7 http://t.co/EwFWO853JZ","movies"
"218","#Puli - Grand bookings in progress. #4DaysToGo #Vijay @SKTStudios http://t.co/4ApiT5Ynsy","movies"
"219","#KuttramKadithal - World-class cinema! http://t.co/Gj135pJBmX","movies"
"220","#Vijay sir is a perfectionist, says @chimbu_deven 

Read here http://t.co/z0EdTmUFoK #PULI @SKTStudios http://t.co/KcmXYcIT61","movies"
"221","#MasalaPadam - Censored 'U' and release confirmed on Oct 9th. Best wishes @ActorSimhaa @auraacinemas http://t.co/wuXP64Emop","movies"
"222","#10Endrathukulla trailer to release next week

Read at http://t.co/1ulPHAI8rM #Vikram @Samanthaprabhu2 @vijaymilton http://t.co/SMhmujpgC4","movies"
"223","#KuttramKadithal - Amazing response all over! @JSKfilmcorp @Sathish_Klcc @NaanChristy @bramma23 @Pavelnavagethan http://t.co/AhuhCfyjNA","movies"
"224","Check out Actress #Shamlee Photo-Shoot Pics clicked by #Thala #Ajith at http://t.co/QJubnhZSXw http://t.co/ZSRR0HgAX5","movies"
"225",".@kriti_official to make her K'town opposite @GVPrakash 

Read here http://t.co/WoNVjbMh3w #BruceLee http://t.co/87KMJnJPjx","movies"
"226","#InjiIduppazhagi slated for release on October 9th 

Read here http://t.co/GKd1jQUNJe @PVPCinema #Arya #Anushka http://t.co/KpcCMWtZ8K","movies"
"227","Watch #MaalaiNerathuMayakkam Teaser at http://t.co/1KmiaO8yVh 

Directed by @GitanjaliSelva | @MNMtheMovie http://t.co/alnYWE5EOo","movies"
"228","#Eetti was supposed to be produced by me, reveals @VetriMaaran 

Read here http://t.co/IV979WZzDR http://t.co/xRjPUxAtIr","movies"
"229",".@ActorSimhaa's #Urumeen creates record 

Read here http://t.co/QXhbmJQSvD @sakthivel_dir http://t.co/qVYCqiIXOe","movies"
"230","#KuttramKadithal - Amazing response all over! @JSKfilmcorp @Sathish_Klcc @NaanChristy @bramma23 @Pavelnavagethan http://t.co/CjfbzEdmlT","movies"
"231","Fans gung-ho about leaked video clip from #Vedalam 

Read here http://t.co/RSQS9LtJGO #Ajith http://t.co/4Zp7OAygkA","movies"
"232","#Rajinikanth and #Dhansika spotted at #Kabali shooting spot 

Read here http://t.co/Era5JZkzy1 http://t.co/wFXLzLKq4m","movies"
"233","#Madras - 1 year of massive HIT! #Karthi http://t.co/a6QJhb8n5B","movies"
"234","#PULI - Grand bookings in progress! Releasing worldwide Oct 1st. #Vijay @SKTStudios http://t.co/6kC754MFdj","movies"
"235","#KuttramKadithal - Standing Ovation! http://t.co/fNW6ja5HHW","movies"
"236","#TrishaIllanaNayanthara - Youth Blockbuster Hit http://t.co/dHOE85qsuF","movies"
"237","#Maya - Running Successfully http://t.co/XRr2d9be6Y","movies"
"238","#Puli gets record release in the UK 

Read here http://t.co/KHG1tQovDG @SKTStudios #Vijay http://t.co/4eqcXKDnDD","movies"
"239","Brisk business underway for #Vedalam 

Read here http://t.co/tFex4dkgRQ #Thala #Ajith #Vedhalam @directorsiva http://t.co/I2OSi26Av1","movies"
"240","#KuttramKadithal - Amazing response all over! @JSKfilmcorp @Sathish_Klcc @NaanChristy @bramma23 @Pavelnavagethan http://t.co/fAMV3wacqs","movies"
"241","Watch #Eetti Official Trailer at http://t.co/Bum0UDygVD 

@Atharvaamurali @i_Sri_Divya http://t.co/pa6d0yl9o3","movies"
"242","#Vikram firms up his next with Vijay Milton 

Read here http://t.co/QarjC49SYj http://t.co/3yfa7SUEkn","movies"
"243","Check out #Eetti Audio Launch Stills at http://t.co/8ReYEkSRHR @Atharvaamurali @i_Sri_Divya http://t.co/KU4mnb4Z2s","movies"
"244","Watch #Ammani Teaser at http://t.co/SrJ3BYjgnQ 

Directed by @LakshmyRamki http://t.co/XE0KVR5ZJE","movies"
"245","Watch #KuttramKadithal Promo Clip https://t.co/P9eNfGFGLS 

Movie running successfully in cinemas near you! @JSKfilmcorp @Sathish_Klcc","movies"
"246","#Dhansika's new hair do for #Kabali 

Read here http://t.co/3u96I0gVEY @DhanShikaa20 http://t.co/XDBN2vMgyg","movies"
"247","""I will meet #Rajinikanth only after finishing the ground work"", says #AshokKheny 

Read here http://t.co/JwB9Mk206F http://t.co/2Q22pFELuA","movies"
"248","#KuttramKadithal - Amazing response all over! @JSKfilmcorp @Sathish_Klcc @NaanChristy @bramma23 @Pavelnavagethan http://t.co/NeFjeGBY5K","movies"
"249","#PULI - Massive 100+ screens in USA from Sep 30th. Release via @ATMUSent 

Listings here http://t.co/EhNnduLglm http://t.co/Ovq1VssF9u","movies"
"250","#ShrutiHaasan gets kidnapped in #Puli 

Read here http://t.co/boguUSMBK3 http://t.co/Qv89ivZSfn","movies"
"251","Happy Birthday @ARMurugadoss sir. Have a great year ahead. Eagerly awaiting for your next announcement in Tamil :) http://t.co/AnleV6J5Sp","movies"
"252","#PULI - Reservations Open from Today. #Vijay @SKTStudios http://t.co/QcDiN2Aomx","movies"
"253","#KuttramKadithal - Amazing response all over.. http://t.co/j4cqOJ49iX","movies"
"254","#TIN - For the youth, By the youth, To the youth! http://t.co/VFYahNILNf","movies"
"255","#Maya - Fabulous 2nd week! http://t.co/ILsaa35IFU","movies"
"256","#ThiruttuVCD - Now running in cinemas near you http://t.co/P9lB9PLH00","movies"
"257","ICYMI: Our review on today's releases

#Kirumi - http://t.co/UwFzlu16rq 

#KuttramKadithal - http://t.co/0NqjewwzMq http://t.co/5yczE8hSPz","movies"
"258","#Vijay59 team shoots in Sivaji Ganesan's house 

Read here http://t.co/1ad8CKt6zQ #Vijay http://t.co/bWOrrxEMoG","movies"
"259","#ThiruttuVCD - In cinemas from Today https://t.co/iO7jwkRQfg http://t.co/XjjAvKog64","movies"
"260","#KuttramKadithal sublimely confronts bold questions &amp; its bizarre consequences with gr8 ease. http://t.co/0NqjewwzMq http://t.co/KJUcMpjyv4","movies"
"261","#PULI run-time: 154 mins (02:34:05) #Vijay @ihansika @shrutihaasan @SKTStudios @SrideviBKapoor http://t.co/2lsCpK1s80","movies"
"262","Watch #Jingiliya Promo Video Song from #Puli at http://t.co/QVonhfilQG 

Movie releasing Oct 1st worldwide. http://t.co/ItH3azbVqY","movies"
"263",".@madhankarky pens his first song for #Ajith Kumar 

Read here http://t.co/Oyyhuoz4wa #Vedalam #Thala56 http://t.co/2SiQkHA0BN","movies"
"264","#KuttramKadithal - Amazing response &amp; flooded with fabulous reviews! Congrats team. http://t.co/dLYoliou5G","movies"
"265","""Best wishes to my real hero #Vijay,"" says @jayam_mohanraja 

Read here http://t.co/duk97vw17B #Puli http://t.co/hdqSERp255","movies"
"266","#ThiruttuVCD - In cinemas from Today https://t.co/xbwf55GsDF http://t.co/Bf3UpabY73","movies"
"267","The most distinctive triumph of #KuttramKadithal is the stand-out scenes each character has.
http://t.co/0NqjewwzMq http://t.co/p75RJaQ2Jh","movies"
"268","#Aranmanai2 team constructs Asia's biggest 'Amman' statue 

Read at http://t.co/ss7djnhz8M @ihansika @trishtrashers http://t.co/JZhwVkgpHT","movies"
"269","#Kirumi Movie Review: A genuinely watchable thriller!

Read here http://t.co/UwFzlu16rq @anucharan @ReshmiMenonK http://t.co/NZ7MO1hEdq","movies"
"270","#KuttramKadithal neither resorts to hollow preachifying or nor reinforces stereotypes. http://t.co/0NqjewwzMq http://t.co/HTx3RQmFnv","movies"
"271","Gnanavelraja reveals the plot line of #Darling2 

Read here http://t.co/lbue9MInIt @kegvraja @StudioGreen2 http://t.co/PIwGNrflbt","movies"
"272","#VijaySethupathi-Nalan Kumarasamy's film gets a title 

Read here http://t.co/QdU6UpsbKA http://t.co/jgR8YptTQ9","movies"
"273","Listen to #Thangamey from #NaanumRowdyDhaan at http://t.co/C1nn7QUB7X | Music by @anirudhofficial | #VijaySethupathi http://t.co/rnp4pkVeyo","movies"
"274","So #Thala fans, what's your take on the first look of #VEDALAM? #Ajith #Vedhalam http://t.co/egxEtosrIT","movies"
"275","#PULI - Bookings Open from Tmrw. ICYMI, Watch the visually stunning #PuliTrailer2 here http://t.co/nWo9yjAUXq #Vijay http://t.co/yq6D1uIPzx","movies"
"276","#KuttramKadithal - National award winning, seat-edge social thriller from Today.
Review: http://t.co/0NqjewwzMq http://t.co/7PoZxcjiMi","movies"
"277","#ThiruttuVCD - Releasing in 133 screens from Today. Best wishes @VibrantMovies http://t.co/mnXZdtCxB4","movies"
"278","#TrishaIllanaNayanthara - Youthful 2nd Week! http://t.co/N1m0C9NsW3","movies"
"279","#Maya - Successful 2nd week! http://t.co/Xu37HCV0qW","movies"
"280","Here is the first look poster of most anticipated #Thala56. Henceforth, it is #VEDHALAM. #Thala #Ajith @shrutihaasan http://t.co/JvdNc7Rfnh","movies"
"281","Last 1 hour to call it as #Thala56. Title announcement along with first look on its way! #Thala #Ajith #SpectacularThala56FLTonight","movies"
"282","#KuttramKadithal is a must-watch for both discerning film-buffs and the masses. 

Review at http://t.co/0NqjewwzMq http://t.co/SA57dcFc9p","movies"
"283","Here it is! Watch #PuliTrailer2 @ http://t.co/nWo9yjAUXq

#Vijay @ihansika @SKTStudios @shrutihaasan
@SrideviBKapoor http://t.co/gMAoi4ekMJ","movies"
"284",".@JSKfilmcorp reveals plans to remake #KuttramKadithal in Hindi and Marathi 

Read here http://t.co/AN8dcjql0H http://t.co/X0aPm0JcyC","movies"
"285","#PULI - Just an hour left to witness #PuliTrailer2. Are you guys ready for the visual treat? #Vijay @SKTStudios http://t.co/EOHeOlm1XE","movies"
"286","#Ajith and @directorsiva plan to join hands again 

Read here http://t.co/GNbEW7ILQs http://t.co/Y4maV48rao","movies"
"287","Watch #ThiruttuVCD song promo
https://t.co/iglXV5kPgf 

Movie releasing tomorrow. @VibrantMovies http://t.co/ctt6jDXgtk","movies"
"288","#Thoongaavanam is not based on nightlife,"" says @RajeshMSelva  

Read here http://t.co/5GzLkxOv55 #KamalHaasan http://t.co/YQ8nHkL8v7","movies"
"289","#Thala56 - Title announcement tonight at 11.30 PM. http://t.co/XQ9cw2z04z","movies"
"290","My career can be split up into Before Anbe Sivam &amp; After Anbe Sivam, says #SundarC

Read here http://t.co/yLnUrGH4fs http://t.co/ZrnTXgCeYG","movies"
"291","Watch #ThiruttuVCD new teaser at https://t.co/xbwf55GsDF 

Movie releases tomorrow. @VibrantMovies http://t.co/FMI4XZSEzV","movies"
"292","Celebrity views on #KuttramKadithal. Movie releases Tomorrow. 
Our review at http://t.co/0NqjewwzMq @JSKfilmcorp http://t.co/DFiYVOn7P7","movies"
"293","#TrishaIllanaNayanthara to enter its 2nd week with additional 40 screens tomorrow. Congrats @gvprakash @StudioGreen2 http://t.co/OS7VmWoejF","movies"
"294","#PULI - Posters ft. #IlayaThalapathy #Vijay, @ihansika, @shrutihaasan &amp; @SrideviBKapoor. #PuliTrailer2 frm 2day eve. http://t.co/msSU50xFGr","movies"
"295",".@jayam_mohanraja hints at #ThaniOruvan sequel 

Read here http://t.co/2wp7Qnj4EO @actor_jayamravi http://t.co/3WMajABibO","movies"
"296","Abhimanyu Mithun - Rayane Radhika Engagement Stills at http://t.co/tQXUJvUM3G http://t.co/uoAynNlOQw","movies"
"297",".@bramma23 gift for finely layered cinema places him on the map of emerging talents! 

Review http://t.co/0NqjewwzMq http://t.co/8YKtSod6MI","movies"
"298","#IlayaThalapathy fans, are you ready to create another record? #PuliTrailer2 from 730PM Today. @ihansika @SKTStudios http://t.co/PUAgTaWFbP","movies"
"299","#KuttramKadithal : A once-in-a-lifetime cinematic experience! (Rating: 5/5)

Movie review at http://t.co/0NqjewwzMq http://t.co/z0vN28iu84","movies"
"300","Celebrity views on #KuttramKadithal. Movie releasing Tomorrow. @JSKfilmcorp @Sathish_Klcc http://t.co/wPa01lZRrb","movies"
"301","#Simbu to keep his hands off Twitter 

Read here http://t.co/P19IeiRWcM #STR http://t.co/UYaYWW8aKI","movies"
"302","Award winner for Best Tamil Film in 62nd National Awards, #KuttramKadithal is releasing tomorrow. @JSKfilmcorp http://t.co/LQXcDmIn7V","movies"
"303","#Puli team plans yet another surprise 

Read here http://t.co/YN51VeNsYS #Vijay @ihansika @SKTStudios http://t.co/fFO8UxEaYN","movies"
"304","#PULI - Official Trailer #2 release announcement soon. Movie releases Oct 1st worldwide! #Vijay @SKTStudios http://t.co/kuzDwTGERI","movies"
"305","The much awaited seat-edge social thriller #KuttramKadithal releasing tomorrow. @JSKfilmcorp @Sathish_Klcc http://t.co/30OzjGrSDy","movies"
"306","#TrishaIllanaNayanthara - Youth Blockbuster Hit. #TIN http://t.co/hArCN7T5UI","movies"
"307","#Maya - Running Successfully.. http://t.co/pMFUm8SJ74","movies"
"308","#ThiruttuVCD - Releasing Tomorrow. A @VibrantMovies release. http://t.co/nRzkKXentL","movies"
"309","Brand new poster from #Puli ft. #ilayathalapathy #Vijay.. Releasing Worldwide October 1st. @SKTStudios http://t.co/FHVbWjZlZC","movies"
"310","Celebrity views on #KuttramKadithal. Movie releasing day after tomorrow, Sep 24th. @JSKfilmcorp @Sathish_Klcc http://t.co/JR8IqBLX5E","movies"
"311","#Vijay works with so much passion, says @SrideviBKapoor 

Read here http://t.co/EuSyUGjzdV #PULI @SKTStudios http://t.co/zvuJdm1ebp","movies"
"312","Watch #ThiruttuVCD new teaser https://t.co/eVUuL9ivhU 

Movie releasing on Sep 24th. A @VibrantMovies release.","movies"
"313","#NaanumRowdyDhaan album as stand-alone tracks  

Read here http://t.co/HVrfOlNxii @anirudhofficial @VigneshhShivan http://t.co/9zqP0HrKhx","movies"
"314","#MaalaiNerathuMayakkam - Audio rights snapped by @thinkmusicindia for a fancy price. Songs &amp; Trailer coming soon. http://t.co/FtdKXubDdj","movies"
"315","#KuttramKadithal - Snippet #8 | @JSKfilmcorp @NaanChristy @bramma23 @Sathish_Klcc @Cinema_Wala http://t.co/8iP6zmuFlE","movies"
"316","#VilAmbu - Audio from September 27th. Music by Naveen. http://t.co/uU7A97rP2n","movies"
"317","#Anjali completes #Iraivi 

Read here http://t.co/5IjZ6nUXlm @yoursanjali @karthiksubbaraj http://t.co/KADR1jcOvT","movies"
"318","#TrishaIllanaNayanthara rakes in the moolah at box office

Read here http://t.co/gDzRCP4DeF @StudioGreen2 @gvprakash http://t.co/bz3TUAjEkt","movies"
"319","Watch #ThiruttuVCD latest trailer at https://t.co/LNXkgLpLFL 

Movie releases Sep 24th. @VibrantMovies","movies"
"320","#KuttramKadithal - With flooded by awards &amp; astonishing response from the press, releasing on Sep 24th. https://t.co/AmE9v8MorF @JSKfilmcorp","movies"
"321","Worldwide gross for #MAYA in 4 days is 13C. Phenomenal! Congrats @Ashwin_saravana @prabhu_sr @ThenandalFilms &amp; team http://t.co/1ttXHR3ta2","movies"
"322","#Sridevi denies rumors 

Read here http://t.co/WQIxbRGn9M @SrideviBKapoor #Dulquer http://t.co/T4SO5Xg8KO","movies"
"323","AGS Entertainment banned from producing Tamil films? 

Read here http://t.co/XqpLpK9Ups #ThaniOruvan http://t.co/4sanF16i0g","movies"
"324","Celebrity views on #KuttramKadithal. Movie releasing in 2 days, Sep 24th. http://t.co/NF7qku241a","movies"
"325","#KuttramKadithal - Snippet #7 | @JSKfilmcorp @NaanChristy @bramma23 @Sathish_Klcc @Cinema_Wala http://t.co/JMALy1ItBV","movies"
"326",".@ATMUSent targets 100 screens for #Puli Tamil version alone in the US

http://t.co/iJbJvFuDYH @ihansika @SKTStudios http://t.co/ptfNc1gzsv","movies"
"327","#KuttramKadithal - Sensational reports from the press show! @JSKfilmcorp @Sathish_Klcc http://t.co/jZectpMzvf","movies"
"328","#Mysskin opens up about his next crime thriller 

Read here http://t.co/DNEO6GAfXZ @LoneWolf_Prod http://t.co/z7YlY93Lif","movies"
"329","#PULI - Bookings to open very soon. Massive release across the globe from Oct 1st. #Vijay @SKTStudios @shrutihaasan http://t.co/S9YaguYCgs","movies"
"330","#KuttramKadithal - Just 2 days away for its theatrical release! @JSKfilmcorp @Sathish_Klcc http://t.co/atBZ3zqAQc","movies"
"331","#TrishaIllanaNayanthara - Racing Hit. @StudioGreen2 #TIN http://t.co/DEl8h74wLg","movies"
"332","#Maya - Running Successfully.. http://t.co/BlM3R2W5yn","movies"
"333","#Baahubali - Unstoppable 75th Day. India's biggest Blockbuster! @ssrajamouli @StudioGreen2 http://t.co/wP2PhyQ1gF","movies"
"334","#ThiruttuVCD - Releasing on Sep 24th http://t.co/Dewb9rlCEH","movies"
"335","Everyone could have crossed this stage. #KuttramKadithal, in cinemas from Sep 24th. @JSKfilmcorp @Sathish_Klcc http://t.co/pWrvCKnecO","movies"
"336","Why #PrakashRaj backs out of #Kabali? 

Read here http://t.co/3nPKBWvOyf #Rajinikanth http://t.co/pVZbg8YB4B","movies"
"337","Watch #ThiruttuVCD latest trailer https://t.co/LNXkgLpLFL 

Movie releases Sep 24th. http://t.co/m0fopjXUoo","movies"
"338","#KamalHaasan signs his first TV commercial 

Read here http://t.co/7LhSrxoXg4 http://t.co/kJNeVQalCm","movies"
"339","#MAYA - Always a woman reprise | OST|   https://t.co/9YVo5obJpr 

Music by @RonYohann","movies"
"340","#KuttramKadithal - Snippet #6 | @JSKfilmcorp @NaanChristy @bramma23 @Sathish_Klcc @Cinema_Wala @divomovies http://t.co/phigFl23ol","movies"
"341","And the surprise extends for #IlayaThalapathy fans. Here is another poster ft. #Vijay &amp; @KicchaSudeep. #PULI http://t.co/jczlp7QqjV","movies"
"342","Here is the first look poster of @StudioGreen2's #Darling2. Audio coming soon &amp; movie releases Oct 21st. http://t.co/f1B6KwI7Bp","movies"
"343","#PULI - Another poster ft. #IlayaThalapathy #Vijay &amp; the charming @shrutihaasan http://t.co/jMVX9VrTnn","movies"
"344","#PULI - New Poster(s) ft. REGAL #IlayaThalapathy #Vijay &amp; the gorgeous @ihansika. @SKTStudios http://t.co/UpV2Ntaw4r","movies"
"345","Watch #MuthamKodutha Official Full Video Song from #TIN at http://t.co/NWhefXNidO @gvprakash @StudioGreen2 http://t.co/dphincFM2S","movies"
"346","Bharathi Raja sir on #KuttramKadithal.. Movie releases this Thursday, Sep 24th worldwide. http://t.co/LWudgERDaO","movies"
"347","#Tamannah opens up about the controversial scene in #Baahubali 

Read here http://t.co/y76HWhuJwV @tamannaahspeaks http://t.co/Kw7AxhAqY8","movies"
"348","""I was speechless after watching #Visaaranai,"" says Director Vijay 

Read here http://t.co/4lCzXCtEIr @Amala_ams http://t.co/eGEVA1CDcc","movies"
"349","#ThiruttuVCD - Releasing on Sep 24th. https://t.co/oOj3TRwFKs http://t.co/xHGx6YNlW8","movies"
"350","#KuttramKadithal - A story that happens in 24 hours of time! Releasing worldwide on Sep 24. https://t.co/AmE9v8MorF http://t.co/DE4pktv5me","movies"
"351","#Anirudh announces his next concert 

Read here http://t.co/8EZmTEqmlv @anirudhofficial http://t.co/ND3UPsxLog","movies"
"352","Official: #Mysskin's next is a crime thriller 

Read here http://t.co/KpQ7ARRH9L @LoneWolf_Prod http://t.co/5fOE5DwdIV","movies"
"353","A never-before-seen #VijaySethupathi in #Mellisai 

Read here http://t.co/7qGJN3Zc6P @jeranjit @BoopathyDeepan http://t.co/K7cIWwXNsb","movies"
"354","#ThiruttuVCD - Releasing on Sep 24th https://t.co/XMsOyNnMU9","movies"
"355","#KuttramKadithal - Snippet #5 | @JSKfilmcorp @NaanChristy @bramma23 @Sathish_Klcc @Cinema_Wala @divomovies http://t.co/WNvWtDmvYi","movies"
"356","Watch ""Sing a Song"" Official Video Song from #KuttramKadithal https://t.co/9MhwmkwX5h 

Movie releases this Thursday, Sep 24. @JSKfilmcorp","movies"
"357","#NithyaMenen joins hands with #ManiRatnam again 

Read here http://t.co/JBIsvlw1ns http://t.co/anWHRyqK45","movies"
"358","Full video song of #MuthamKuduthaMaayakari from #TIN will be out officially today evening! @StudioGreen2 @gvprakash http://t.co/HUgouvXl6T","movies"
"359","#Sivakarthikeyan and #KamalHaasan respond on the 'viral video' 

Read here http://t.co/e1ENhEW79b http://t.co/7lHdqd95cT","movies"
"360","Happy Birthday @Atlee_dir. Wishing you for a sensational year with #Vijay59 and other projects. http://t.co/DA0aJ4NyNo","movies"
"361","#PULI - Roar to begin from October 1st. #Vijay @ihansika @SKTStudios http://t.co/ECuVoJIMaY","movies"
"362","#KuttramKadithal - Worldwide from this Thursday, September 24th. http://t.co/W6CT7EPXFD","movies"
"363","#TIN - Sensational Hit! #TrishaIllanaNayanthara http://t.co/y8pdnLsbPV","movies"
"364","#Maya - Running Successfully.. http://t.co/UGivRQAZaY","movies"
"365","#ThaniOruvan - Breaking Stereotypes! #25thDay #Blockbuster @actor_jayamravi http://t.co/foQeA9COIO","movies"
"366","#ThiruttuVCD - From Sep 24th http://t.co/FC98kY2jmQ","movies"
"367","#KuttramKadithal - Coming to entertain you from September 24th. http://t.co/qHqvxa51af @JSKfilmcorp @Sathish_Klcc http://t.co/0EPHAxaPZz","movies"
"368","#PULI releasing in Tamil, Telugu and Hindi on October 1st worldwide. Massive release guaranteed! #Vijay @SKTStudios http://t.co/3GfBus6UGE","movies"
"369","Watch #ThiruttuVCD Trailer at https://t.co/iO7jwkRQfg | Movie releases Sep 24th. @VibrantMovies http://t.co/EAC03w2LLZ","movies"
"370","#Maya - Tremendous Response | @prabhu_sr @NayantharaU @mayathemovie @editorsuresh @ThenandalFilms @Ashwin_saravana http://t.co/XdE28Y3Cvh","movies"
"371","#TrishaIllanaNayanthara - Virgin Hit!! @gvprakash @Adhikravi @StudioGreen2 @kegvraja @iam_Gokul @DuraiKv #TIN http://t.co/EQ33H4onug","movies"
"372","First look poster of #Darling2 will be released at 6.13PM tomorrow. Best wishes @kegvraja sir &amp; team @StudioGreen2 http://t.co/19l0b0eTqR","movies"
"373","#KuttramKadithal - Snippet #4 | @JSKfilmcorp @NaanChristy @bramma23 @Sathish_Klcc @Cinema_Wala @divomovies http://t.co/jvCF9JY8Cw","movies"
"374","Our review on #Saahasam songs is here http://t.co/2netfCu7ZH | @MusicThaman delivers enjoyable sound tracks! http://t.co/shQxYDk3VH","movies"
"375","Watch ""Marudhakkari"" Official Full Video Song from #PaayumPuli at http://t.co/wyO949fVK0 @VishalKOfficial #Kajal http://t.co/BKxUykSXL0","movies"
"376","Listen to the songs of #ThiruttuVCD at https://t.co/2J2ZCuA1iu 

Movie releases Sep 24th. @VibrantMovies http://t.co/Du4gizG7aN","movies"
"377","Watch #KuttramKadithal Promo Spot #3 https://t.co/LULSV1aLSY 

Movie releases Sep 24th. @JSKfilmcorp @Sathish_Klcc","movies"
"378","#Endhiran2 pre-production work begins 

Read here http://t.co/3hIcuxwgfl #Rajinikanth @shankarshanmugh #Enthiran2 http://t.co/X3M349n9G9","movies"
"379","#Maya - Tremendous Response | @prabhu_sr @NayantharaU @mayathemovie @editorsuresh @ThenandalFilms @Ashwin_saravana http://t.co/9h94hbz0Oj","movies"
"380","#TrishaIllanaNayanthara - Virgin Hit!! @gvprakash @Adhikravi @StudioGreen2 @kegvraja @iam_Gokul @DuraiKv #TIN http://t.co/s6PrUz4cDv","movies"
"381","#KuttramKadithal - Snippet #3 | @JSKfilmcorp @NaanChristy @bramma23 @Sathish_Klcc @Cinema_Wala @divomovies http://t.co/vUGEQmIWqK","movies"
"382","Check out brand new #Saahasam Movie Stills at http://t.co/iiYmZHlMZe @actorprashanth @SaahasamMovie @actorthiagaraja http://t.co/fhG4SXgTqZ","movies"
"383","Vaibhav's next is a gangster comedy

Read here http://t.co/izRH9v6poD #Jindhaa @Vaibhav__Reddys http://t.co/54BUgQQIgm","movies"
"384","#Dhanush's next to release in Hindi 

Read here http://t.co/66hpmQk7jv http://t.co/hR5sCCjyWV","movies"
"385","A special show on awards winning #KuttramKadithal at 10AM TODAY in Kalaingar TV. Do watch it. http://t.co/kUcPVw5DjG","movies"
"386","#PULI - Worldwide from Oct 1st. #Vijay @ihansika @shrutihaasan @SKTStudios http://t.co/NdHqwM04O7","movies"
"387","#TrishaIllanaNayanthara - Sensational Hit! #TIN http://t.co/5lPrjXb6AN","movies"
"388","#Maya - Running Successfully! #Nayanthara http://t.co/ebgohW9Xsk","movies"
"389","National award winning &amp; the festival favourite #KuttramKadithal is releasing on Sep 24. @JSKfilmcorp @Sathish_Klcc http://t.co/2eBAWxfbK2","movies"
"390","#ThiruttuVCD - From Sep 24th http://t.co/NApggwU7Cu","movies"
"391","Roar begins from October 1st. #PULI #IlayaThalapathy #Vijay http://t.co/bLChOBg2oZ","movies"
"392","Have you listened to @MusicThaman's ebullient songs from #Saahasam? 

http://t.co/QSPTyWLxN6 @actorprashanth http://t.co/xlyQK4yUMD","movies"
"393","#Karthi to don 11 different gets ups for #Kashmora 

Read here http://t.co/CxWHDXBirt @DirectorGokul #Nayanthara http://t.co/ZODP3xkg50","movies"
"394","#ThiruttuVCD - Releasing on Sep 24th. A @VibrantMovies release. http://t.co/MSOPVDWC79","movies"
"395","KV Anand to direct #Arya next 

Read here http://t.co/bGuLA8In6P @anavenkat @arya_offl #AGS http://t.co/sNW2MJxoVc","movies"
"396","#Maya - Tremendous Response | @prabhu_sr @NayantharaU @mayathemovie @editorsuresh @ThenandalFilms @Ashwin_saravana http://t.co/4gDM2j5sfX","movies"
"397","#TrishaIllanaNayanthara - Virgin Hit!! @gvprakash @Adhikravi @StudioGreen2 @kegvraja @iam_Gokul @DuraiKv #TIN http://t.co/Ui5cwTvPol","movies"
"398","#KuttramKadithal - Snippet #2 | @JSKfilmcorp @NaanChristy @bramma23 @Sathish_Klcc @Cinema_Wala @divomovies http://t.co/bbFPkmLL4u","movies"
"399","#Miruthan is progressing at a brisk pace 

Read here http://t.co/zQ8RTXbtVa @actor_jayamravi @ShaktiRajan http://t.co/mh0soBSkNE","movies"
"400","Have you ever faced this dilemma while parenting? #KuttramKadithal is all set for release on Sep 24th. http://t.co/0WpTkUcKpL","movies"
"401","VJ Ramya clears the air on her divorce 

Read here http://t.co/S8UJN76rHt http://t.co/GulEUox7PM","movies"
"402","Watch #ThiruttuVCD Official Trailer at https://t.co/iO7jwkRQfg 

Movie releasing on Sep 24th. @VibrantMovies http://t.co/TGYDR1D87R","movies"
"403","Watch #KuttramKadithal Promo Clip #2 https://t.co/moHnbjPFGh 

Movie releasing on Sep 24th. @JSKfilmcorp @Sathish_Klcc","movies"
"404","#Ajith's exclusive biriyani feast on sets 

Read here http://t.co/uV37CxwlXc #Thala56 @VidyuRaman http://t.co/vsczFg2zl7","movies"
"405","Single track from #InjiIduppazhagi is out! https://t.co/pvebatJmbf 

#SizeZero #Arya #Anushka @PVPCinema","movies"
"406","Interview with #KuttramKadithal director @bramma23 http://t.co/qHqvxa51af @JSKfilmcorp @Sathish_Klcc @NaanChristy http://t.co/iiyuqy5QEV","movies"
"407","#Maya - Tremendous Response | @prabhu_sr @NayantharaU @mayathemovie @editorsuresh @ThenandalFilms @Ashwin_saravana http://t.co/5TEQ19015l","movies"
"408","#TrishaIllanaNayanthara - Virgin Hit!! @gvprakash @Adhikravi @StudioGreen2 @kegvraja @iam_Gokul @DuraiKv #TIN http://t.co/SX5V45FiTA","movies"
"409","#KuttramKadithal - Snippet #1 | @JSKfilmcorp @NaanChristy @bramma23 @Sathish_Klcc @Cinema_Wala @divomovies http://t.co/iHt5NZfXhb","movies"
"410","#Saahasam Songs - Ebullient, enjoyable soundtrack! 

Review at http://t.co/2netfCu7ZH @actorprashanth @MusicThaman http://t.co/I8zkAXwxuu","movies"
"411","#KuttramKadithal - Coming to entertain us with a much needed social message from Sep 24. @JSKfilmcorp @Sathish_Klcc http://t.co/63LKIkl8Rm","movies"
"412","Motta Rajendran to drive #Vijay in #Vijay59 

Read here http://t.co/KJGRLbEcsn @Atlee_dir http://t.co/kJLwxTfLcA","movies"
"413","Hollywood Director Eric England shares his views on #MAYA https://t.co/BNKT0FgdTP @mayathemovie @ThenandalFilms @prabhu_sr @editorsuresh","movies"
"414","Watch 'Yaar Indha Muyal Kutti"" full video song from #PaayumPuli at http://t.co/wyO949fVK0 @VishalKOfficial #Kajal http://t.co/E71TPJ4HJc","movies"
"415","#PULI - Worldwide from October 1st. #Ilayathalapathy #Vijay @SKTStudios http://t.co/xLOTd0BIiu","movies"
"416","National award winning #KuttramKadithal releases on Sep 24. A must watch social thriller. @JSKfilmcorp @Sathish_Klcc http://t.co/Q11lD4cqBy","movies"
"417","#TrishaIllanaNayanthara - Bittu Padam HIT! @gvprakash @StudioGreen2 #TIN http://t.co/LUIz8Pu4rJ","movies"
"418","#Maya - Running Successfully.. #Nayanthara http://t.co/6IjgGRtWPv","movies"
"419","#NaanumRowdyDhaan - Single track #Thangamey from Sep 24th. An @anirudhofficial musical. http://t.co/HSiQXEgdRt","movies"
"420","Check out #Saahasam Audio Launch stills at http://t.co/ccpr2rFns5 @actorprashanth @MusicThaman @SaahasamMovie http://t.co/XuIYMAYMDN","movies"
"421","Our Interview with Bramma, director of #KuttramKadithal 

Read here http://t.co/qHqvxa51af http://t.co/vR8bSNgacY","movies"
"422","#VilAmbu - @actor_jayamravi to launch 'Neeyum Adi Naanum' track tomorrow at Loyola campus. http://t.co/jqpelLMVPr","movies"
"423","Watch ""Sing a Song"" Official Video Song from #KuttramKadithal https://t.co/9MhwmkwX5h 

Movie releases Sep 24th. @JSKfilmcorp @Sathish_Klcc","movies"
"424","#Ajith to appear in 'Red' getup in #Thala56 

Read here http://t.co/wBhEOyiFJd http://t.co/q6Rtipu51B","movies"
"425","#Maya - Tremendous Response | @prabhu_sr @NayantharaU @mayathemovie @editorsuresh @ThenandalFilms @Ashwin_saravana http://t.co/sGvELG85Ir","movies"
"426","#TrishaIllanaNayanthara - Virgin Hit!! @gvprakash @Adhikravi @StudioGreen2 @kegvraja @iam_Gokul @DuraiKv #TIN http://t.co/11PjsBWI0d","movies"
"427","Listen to the rocking songs from #Saahasam at http://t.co/QSPTyWLxN6 | @MusicThaman @actorprashanth @SaahasamMovie http://t.co/jqXz52eaVp","movies"
"428","#Visaaranai received non-stop applause for 8 minutes in Venice, says @VetriMaaran 

Read here http://t.co/lYaPrLCOlS http://t.co/DKNYlet7fZ","movies"
"429","A nostalgia-inducing social thriller is on its way to release on September 24th. #KuttramKadithal http://t.co/xmwZydUVl6","movies"
"430","Sasikumar's next #Vetrivel goes on floors 

Read here http://t.co/UfVM0uIY2m http://t.co/GnsGA5WzhQ","movies"
"431","Listen to #Saahasam Songs ""Sayang Ku &amp; Angry Bird Penne"" at http://t.co/QSPTyWLxN6 | Full album will be Today. http://t.co/pqj4ePf7jp","movies"
"432","Watch National award winning  #KuttramKadithal Trailer at http://t.co/QLp9jS6d84 | Movie releasing on Sep 24th. http://t.co/aVc7SRD03I","movies"
"433","Listen to Pudikkum Song Promo from #Saahasam https://t.co/g4Yg87hbEH Sung by Shankar Mahadevan &amp; Shreya Ghoshal. @divomovies @actorprashanth","movies"
"434","CV Kumar debuts as director for @sundeepkishan's next

Read here http://t.co/uZCdvCGgaC @vijayvyoma @GhibranOfficial http://t.co/ex8m5oh9rK","movies"
"435","#KuttramKadithal - A Transparent Social Thriller from September 24th onwards. http://t.co/gsz6eNHTJA","movies"
"436","Listen to ""Desi Girl"" Song Promo from #Saahasam at https://t.co/QMbfH8Dhy8 | Sung by @iam_str &amp; #LakshmiMenon. @actorprashanth @divomovies","movies"
"437","Watch the official motion poster of @iamnagarjuna and #Karthi's Tamil-Telugu bi-lingual here https://t.co/LeyQNH89xb #THOZHA","movies"
"438","#Maya - Tremendous Response | @prabhu_sr @NayantharaU @mayathemovie @editorsuresh @ThenandalFilms @Ashwin_saravana http://t.co/fIrCru1SCW","movies"
"439","#TrishaIllanaNayanthara - Virgin Hit!! @gvprakash @Adhikravi @StudioGreen2 @kegvraja @iam_Gokul @DuraiKv #TIN http://t.co/xpePBTTWvJ","movies"
"440","Watch #KuttramKadithal Promo Clip #1 at https://t.co/0toAkRSoUi 

Movie releasing worldwide on September 24th! @JSKfilmcorp @Sathish_Klcc","movies"
"441","#VijaySethupathi opens up about directing films 

Read here http://t.co/UJ9thKYDdC @vsp_productions http://t.co/GNKgv9loGv","movies"
"442","#KamalHaasan seals his next script; location hunting underway 

Read here http://t.co/4rxRpLvAVk @RajeshMSelva http://t.co/vSbsCyjMHj","movies"
"443","@deepak_u1 Everyone will receive the call. If @SathishKumar_ps didn't receive it yesterday, he will be receiving in a while for tonight show","movies"
"444","#Saahasam - @MusicThaman's admirable songs frm Today.  Check out the track &amp; celebrity singers list! @actorprashanth http://t.co/fYoXhOR2yU","movies"
"445","#VroomVroom song from #10Endrathukulla is out now. Have you listened? http://t.co/NxCguvPEgZ #Vikram http://t.co/b5daTyJAQO","movies"
"446","#KuttramKadithal - National award winning social thriller from Sep 24th onwards! @JSKfilmcorp @Sathish_Klcc http://t.co/NbezotBurB","movies"
"447","#TrishaIllanaNayanthara - VIRGIN HIT!! #TIN http://t.co/eY8JBpJ6MP @gvprakash @StudioGreen2 http://t.co/wAtKjbGn1L","movies"
"448","#Maya - Tremendous response all over! http://t.co/DLSdszSnBa @mayathemovie @prabhu_sr @ThenandalFilms @editorsuresh http://t.co/gbxPwH9q8a","movies"
"449","#MasalaPadam - Releasing this October. @ActorSimhaa @auraacinemas http://t.co/jxwJD7iLUN","movies"
"450","#Yatchan - Successful 2nd Week! @arya_offl @Actor_Krishna @vishnu_dir @Dhananjayang http://t.co/Tlx0biRcRi","movies"
"451","ICYMI: Our reviews on today's releases.

#49O - http://t.co/HgpMYWhf6Q

#TIN - http://t.co/eY8JBpJ6MP

#Maya - http://t.co/DLSdszSnBa","movies"
"452","Here is the track list of @actorPrashanth's #Saahasam. Audio from Tomorrow. @MusicThaman http://t.co/Kr5t8wVWNc","movies"
"453","#VijaySethupathi's son makes his acting debut 

Read here http://t.co/zrYuXI9Ym5 #NaanumRowdyDhaan #NRD http://t.co/GAmepgm5EP","movies"
"454","#KuttramKadithal - Critically acclaimed social thriller from Sep 24th. @JSKfilmcorp @Sathish_Klcc http://t.co/ciakRzNIhv","movies"
"455","Samuthirakani confirms directing #Saattai2 

Read at http://t.co/ZbNTJmAHEO http://t.co/jWc4m7H8Nb","movies"
"456","#Vishal - @pandiraj3's film has been titled #Kathakali. Here is the title look.. @VffVishal http://t.co/Tuw9B4NBbo","movies"
"457","#49O is a mundane message film which is masquerading as a social drama.

Review at http://t.co/HgpMYWhf6Q #Goundamani http://t.co/LtVGmwBwnu","movies"
"458","Listen #VroomVroom full song from #10Endrathukulla at http://t.co/NxCguvPEgZ 

#Vikram @Samanthaprabhu2 @vijaymilton http://t.co/xSY4IMhUcB","movies"
"459","#TrishaIllanaNayanthara - Bold, carefree adult comedy.

Movie Review at http://t.co/eY8JBpJ6MP @gvprakash #TIN http://t.co/A0TCZJ6S6f","movies"
"460","#Maya is a highly recommended watch for every true horror movie fan. 

Review at http://t.co/DLSdszSnBa #Nayanthara http://t.co/r4BtDBkhIc","movies"
"461","#Maya - A viscerally satisfying, well-crafted horror flick! 

Movie Review at http://t.co/DLSdszSnBa @NayantharaU http://t.co/9HLpheG9Gr","movies"
"462","#ShrutiHaasan in talks for #Sivakarthikeyan's next 

Read here http://t.co/8fU9jMTQWN http://t.co/oDrReagOvt","movies"
"463","Half way through #TIN. An entertaining adults only drama which moves leisurely. GVP impresses.","movies"
"464","Watch #Aranmanai2 Motion Poster at http://t.co/mhBX3WJu5i @Actor_Siddharth @ihansika @trishtrashers @aranmanai2movie http://t.co/00Acaf9i6e","movies"
"465","#Aranmanai2 - First look motion poster in few mins.. Stay tuned with the official handle @aranmanai2movie. @ihansika @khushsundar","movies"
"466","Check out #KABALI Movie Launch stills at http://t.co/ZKF5GaiuNz #Rajinikanth @beemji @ash_r_dhanush @soundaryaarajni http://t.co/oGfJj2Xlss","movies"
"467","""A Chinese actor plays an important role in #Kabali,"" says @beemji 

Read here http://t.co/kZvnERbXE0 #Rajinikanth http://t.co/IU5SqrIwOI","movies"
"468","A glimpse from #KABALI Launch/Poojai. #SuperStar #Rajinkanth http://t.co/pzbdBHbKWT","movies"
"469","Show Time: #TrishaIllanaNayanthara #TIN","movies"
"470","Half way through #Maya. Has genuinely scary moments. Ashwin has mounted the intensity of the story steadily with deft writing.","movies"
"471","First look posters of #Metro starring @ActorSimhaa &amp; @shaamactor. http://t.co/rNaqJ9OoIR","movies"
"472","20-day schedule of #Kabali begins in ECR 

Read here http://t.co/UapI07bw4d #SuperStar #Rajinikanth @beemji http://t.co/SL5mMZnOkI","movies"
"473","Now watching: #Maya","movies"
"474","Have you watched the Terrific action, classy BGM &amp; massy #KamalHaasan's #Thoongaavanam trailer
http://t.co/NC5SkANUDd http://t.co/ZgNS95qJ9j","movies"
"475","#TIN - Worldwide from Today. Wishing the team for a stupendous success. @gvprakash @StudioGreen2 @Adhikravi http://t.co/HgAu9s9yJE","movies"
"476","Wishes to team #MAYA for a super success! Releasing worldwide from Today. @mayathemovie @ThenandalFilms @prabhu_sr http://t.co/tulQpcqP0y","movies"
"477","#KuttramKadithal - The festival favourite gears up to grab people awards from Sep 24th. @JSKfilmcorp http://t.co/Ranec4alDc","movies"
"478","Team #PULI thanks TN Govt 4 Sivaji Ganesan's memorial. And the film release confirmed on the legends birthday Oct 1. http://t.co/IfarKxdJe7","movies"
"479","#Saahasam - Audio from Tomorrow. @actorprashanth http://t.co/taaFS9KS1W","movies"
"480","#Yatchan - Now running in cinemas near you.. http://t.co/jeoB6AzFQe","movies"
"481","Check out the first look posters of #Thirunaal ft. @Actorjiiva &amp; #Nayanthara. Audio coming soon! http://t.co/vOivssujfc","movies"
"482","Here is the first look poster of #Aranmanai2. Motion Poster arrives at 11.30AM today. @ihansika @trishtrashers http://t.co/4MqZHmkMFq","movies"
"483","Shoot of #KABALI begins from Today. Wishing the entire team for a great success! #Rajinikanth @beemji @theVcreations http://t.co/yIaShA9tsQ","movies"
"484","Vinayagar Chaturthi wishes poster by #VilAmbu team. http://t.co/ByWD3RCMU4","movies"
"485","ICYMI: Our preview on #TIN http://t.co/Oz0RFZFrHW | Movie releases tomorrow. Enjoy in cinemas near you. http://t.co/xv3TmTHEpO","movies"
"486","ICYMI: Our preview on #MAYA http://t.co/DVQeeGtszP | Movie releases tomorrow. Enjoy in cinemas near you. http://t.co/nIK4mrC1Pv","movies"
"487","#KABALI - 2nd Poster ft. #SuperStar #Rajinikanth http://t.co/mO6kdrPlly","movies"
"488","And here comes the FIRST LOOK POSTER of #KABALI. Shoot begins from Tomorrow. #SuperStar #Rajinikanth http://t.co/QvvDWftTFG","movies"
"489","Here is the title &amp; majestic #SuperStar's first look for #KABALI. #Rajinikanth. http://t.co/17S6aafaxW","movies"
"490","Final 25-day schedule for #AchchamYenbathuMadamaiyada kickstarts 

Read here http://t.co/EdTnfDMOIi @iam_str http://t.co/BUxTvN5ge0","movies"
"491","Watch #VroomVroom Song teaser from #10Endrathukulla https://t.co/skPXSrozXx 

#Vikram @vijaymilton #10EK","movies"
"492","#Maya Snippet #10 @ThenandalFilms @prabhu_sr @mayathemovie @NayantharaU @Ashwin_saravana @editorsuresh @Potential_st http://t.co/gGpIyz9abw","movies"
"493","#TIN - Snippet #10 | From Tomorrow | @gvprakash @StudioGreen2 @Adhikravi @kegvraja @AntonyLRuben @iam_Gokul @DuraiKv http://t.co/o6BD8cjhr9","movies"
"494","Here is tomorrow's print ad of #TrishaIllanaNayanthara. @gvprakash @StudioGreen2 #TIN http://t.co/RequCqynys","movies"
"495","Watch #Eetti Official Teaser starring @Atharvaamurali &amp; #SriDivya in lead roles. http://t.co/JrtO8rfe55 http://t.co/I90s3WRiLi","movies"
"496","#JacksonDurai wrapped up 

Read here http://t.co/ijA6yR9WJX @Sibi_Sathyaraj @actorkaruna http://t.co/awR9wEASMo","movies"
"497","Here is the official trailer of ##KamalHaasan's #Thoongaavanam https://t.co/61QTS4bAJ5","movies"
